,,,,,Baseball,Baseball,W. Golf,W. Golf,M. Golf,M. Golf,W. Lax,W. Lax,M. Lax,M. Lax,W. Row,W. Row,Softball,Softball,W. Ten.,W. Ten.,M. Ten.,M. Ten.,W. T&F,W. T&F,M. T&F,M. T&F,M. VB,M. VB,W. WP,W. WP
Rank,Conference,Division,School,Total,Pl.,Pts.,Pl.,Pts.,Pl.,Pts.,Pl.,Pts.,Pl.,Pts.,Pl.,Pts.,Pl.,Pts.,Pl.,Pts.,Pl.,Pts.,Pl.,Pts.,Pl.,Pts.,Pl.,Pts.,Pl.,Pts.
1,Pac-12,FBS,Stanford,1448.25,9,64,24,x,19,54.5,0,0,0,0,9,x,17,x,5,73,5,73,6,73.5,18,55.5,0,0,1,100.0
2,SEC,FBS,Florida,1314.0,7,73,12,64.5,12,63.75,3,83,0,0,0,0,17,50,1,100,9,64,12,63.75,1,100.0,0,0,0,0.0
3,Pac-12,FBS,UCLA,1142.75,5,78,8,70.5,5,72.75,0,0,0,0,8,49,49,x,2,90,3,83,21,52.0,17,57.0,0,0,3,72.5
4,Big Ten,FBS,Ohio State,1104.25,0,0,22,52,67,x,0,0,0,0,5,70,0,0,0,0,5,73,21,52.0,23,49.5,0,0,0,0.0
5,ACC,FBS,Florida State,1061.0,3,83,29,44,9,69,0,0,0,0,0,0,33,25,33,25,17,50,14,58.5,4,80.0,0,0,0,0.0
6,Big 12,FBS,Texas,1032.5,0,0,13,62.25,1,100,0,0,0,0,0,0,9,64,9,64,33,25,11,66.0,9,68.25,0,0,0,0.0
7,Pac-12,FBS,Southern California,1006.75,0,0,2,90,15,59.25,0,0,0,0,6,63,0,0,3,83,1,100,24,48.5,11,63.0,2,70,2,90.0
8,ACC,FBS,North Carolina,1005.5,17,50,10,67.5,0,0,5,60,9,25,0,0,17,50,9,64,9,64,0,0.0,0,0.0,0,0,0,0.0
9,Big 12,FBS,Texas A&M,990.25,33,25,16,57.75,14,61.5,0,0,0,0,0,0,17,50,17,50,17,50,3,85.0,3,85.0,0,0,0,0.0
10,Big Ten,FBS,Michigan,986.5,0,0,47,26.5,0,0,0,0,0,0,2,90,9,64,9,64,17,50,0,0.0,33,39.0,0,0,0,0.0
11,Pac-12,FBS,California,979.0,0,0,25,47.5,3,82.5,0,0,0,0,3,85,4,83,5,73,9,64,40,31.0,66,5.0,0,0,0,0.0
12,Big Ten,FBS,Penn State,975.5,0,0,0,0,0,0,5,60,0,0,0,0,0,0,0,0,0,0,29,45.0,21,52.5,3,25,0,0.0
13,SEC,FBS,LSU,967.75,9,64,3,85,58,14,0,0,0,0,0,0,5,78,33,25,17,50,1,100.0,2,90.0,0,0,0,0.0
14,Big 12,FBS,Oklahoma,946.0,9,64,6,72.75,11,66,0,0,0,0,0,0,2,90,0,0,17,50,7,72.0,40,33.0,0,0,0,0.0
15,ACC,FBS,Virginia,910.0,33,25,4,80,22,51.5,9,25,5,60,1,100,0,0,9,64,2,90,0,0.0,56,15.0,0,0,0,0.0
16,ACC,FBS,Duke,894.5,0,0,15,60,31,40,5,60,3,83,0,0,0,0,3,83,5,73,63,5.0,0,0.0,0,0,0,0.0
17,Big East,FBS,Notre Dame,843.5,0,0,46,28,31,40,9,25,3,83,15,14,17,50,17,50,17,50,0,0.0,0,0.0,0,0,0,0.0
18,SEC,FBS,Georgia,833.25,0,0,29,44,17,57,0,0,0,0,0,0,9,64,5,73,5,73,21,52.0,64,7.5,0,0,0,0.0
19,Pac-12,FBS,Arizona,827.75,1,100,25,47.5,49,21,0,0,0,0,0,0,9,64,17,50,0,0,19,54.5,7,72.0,0,0,0,0.0
20,SEC,FBS,Arkansas,811.0,3,83,23,51,31,40,0,0,0,0,0,0,17,50,33,25,0,0,24,48.5,8,70.5,0,0,0,0.0
21,Big Ten,FBS,Illinois,782.25,0,0,40,31.5,21,53,0,0,0,0,0,0,0,0,33,25,9,64,30,43.0,11,63.0,0,0,0,0.0
22,Big Ten,FBS,Minnesota,757.75,0,0,0,0,0,0,0,0,0,0,0,0,0,0,33,25,33,25,0,0.0,27,46.5,0,0,0,0.0
23,SEC,FBS,Alabama,750.5,0,0,1,100,2,90,0,0,0,0,0,0,1,100,17,50,0,0,40,31.0,66,5.0,0,0,0,0.0
24,Pac-12,FBS,Oregon,747.25,9,64,25,47.5,3,82.5,0,0,0,0,0,0,5,78,0,0,0,0,2,90.0,9,68.25,0,0,0,0.0
25,Big 12,FBS,Baylor,726.0,9,64,16,57.75,61,9,0,0,0,0,0,0,33,25,9,64,9,64,60,12.0,49,23.0,0,0,0,0.0
26,Big Ten,FBS,Wisconsin,685.0,0,0,0,0,0,0,0,0,0,0,11,30,0,0,0,0,0,0,40,31.0,32,42.0,0,0,0,0.0
27,ACC,FBS,Maryland,650.5,0,0,49,24,0,0,3,83,2,90,0,0,49,25,0,0,0,0,0,0.0,0,0.0,0,0,0,0.0
28,SEC,FBS,Auburn,648.0,0,0,34,39,15,59.25,0,0,0,0,0,0,49,25,0,0,17,50,24,48.5,6,73.5,0,0,0,0.0
29,SEC,FBS,Kentucky,643.0,17,50,49,24,0,0,0,0,0,0,0,0,33,25,0,0,9,64,0,0.0,43,28.5,0,0,0,0.0
30,Pac-12,FBS,Arizona State,625.25,0,0,6,72.75,0,0,0,0,0,0,0,0,3,86.5,33,25,0,0,24,48.5,16,58.5,0,0,0,0.0
31,Pac-12,FBS,Washington,622.5,0,0,37,36,5,72.75,0,0,0,0,7,56,9,64,0,0,17,50,8,70.5,0,0.0,0,0,0,0.0
32,Big East,FBS,Louisville,611.0,17,50,0,0,0,0,0,0,0,0,0,0,17,50,0,0,33,25,50,22.0,0,0.0,0,0,0,0.0
33,SEC,FBS,Tennessee,606.0,0,0,19,55,0,0,0,0,0,0,0,0,7,73,17,50,17,50,9,68.25,56,15.0,0,0,0,0.0
34,Big Ten,FBS,Michigan State,591.5,49,25,20,54,0,0,0,0,0,0,16,10,0,0,0,0,0,0,47,26.0,0,0.0,0,0,0,0.0
35,ACC,FBS,Virginia Tech,587.25,0,0,0,0,24,50,0,0,0,0,0,0,17,50,0,0,33,25,0,0.0,5,75.0,0,0,0,0.0
36,SEC,FBS,South Carolina,577.5,2,90,5,75,44,28,0,0,0,0,0,0,0,0,17,50,33,25,0,0.0,0,0.0,0,0,0,0.0
37,ACC,FBS,North Carolina State,576.5,9,64,13,62.25,31,40,0,0,0,0,0,0,0,0,0,0,33,25,0,0.0,40,33.0,0,0,0,0.0
38,Big Ten,FBS,Indiana,571.0,0,0,0,0,49,21,0,0,0,0,0,0,0,0,0,0,17,50,0,0.0,11,63.0,0,0,0,0.0
39,Ivy League,FCS,Princeton (N.J.),539.0,0,0,0,0,0,0,0,0,9,25,4,80,0,0,0,0,0,0,50,22.0,27,46.5,0,0,6,37.0
40,Big Ten,FBS,Nebraska,517.75,0,0,0,0,0,0,0,0,0,0,0,0,0,0,17,50,0,0,63,5.0,11,63.0,0,0,0,0.0
41,Mountain West,FBS,New Mexico,516.0,33,25,52,21,31,40,0,0,0,0,0,0,0,0,0,0,0,0,55,17.0,33,39.0,0,0,0,0.0
42,Big 12,FBS,Oklahoma State,512.0,0,0,32,41.5,44,28,0,0,0,0,0,0,0,0,33,25,0,0,50,22.0,66,5.0,0,0,0,0.0
43,WCC,FBS,Brigham Young (Utah),505.25,0,0,0,0,0,0,0,0,0,0,0,0,17,50,0,0,0,0,30,43.0,21,52.5,0,0,0,0.0
44,Big Ten,FBS,Northwestern,503.0,0,0,52,21,44,28,1,100,0,0,0,0,17,50,9,64,33,25,0,0.0,0,0.0,0,0,0,0.0
45,Big East,FBS,West Virginia,499.0,0,0,0,0,0,0,0,0,0,0,0,0,0,0,0,0,0,0,34,38.5,0,0.0,0,0,0,0.0
46,Big 12,FBS,Iowa State,498.5,0,0,40,31.5,49,21,0,0,0,0,0,0,0,0,0,0,0,0,38,35.5,49,23.0,0,0,0,0.0
47,Big Ten,FBS,Purdue,493.5,33,25,9,69,58,14,0,0,0,0,0,0,0,0,33,25,0,0,0,0.0,0,0.0,0,0,0,0.0
48,Big Ten,FBS,Iowa,482.0,0,0,0,0,22,51.5,0,0,0,0,0,0,0,0,0,0,0,0,0,0.0,23,49.5,0,0,0,0.0
49,Big 12,FBS,Missouri,458.5,33,25,0,0,0,0,0,0,0,0,0,0,9,64,0,0,0,0,40,31.0,56,15.0,0,0,0,0.0
50,Big East,FBS,Syracuse,452.5,0,0,0,0,0,0,2,90,9,25,0,0,17,50,0,0,0,0,0,0.0,56,15.0,0,0,0,0.0
51,SEC,FBS,Vanderbilt,443.0,17,50,11,66,0,0,0,0,0,0,0,0,0,0,17,50,33,25,0,0.0,0,0.0,0,0,0,0.0
52,Mountain West,FBS,Texas Christian U.,430.0,9,64,40,31.5,27,47,0,0,0,0,0,0,0,0,33,25,0,0,30,43.0,64,7.5,0,0,0,0.0
53,Ivy League,FCS,Harvard,424.5,0,0,52,21,0,0,0,0,0,0,12,26,17,50,0,0,17,50,0,0.0,43,28.5,0,0,0,0.0
54,ACC,FBS,Clemson,415.0,17,50,0,0,61,9,0,0,0,0,0,0,0,0,17,50,0,0,4,77.5,40,33.0,0,0,0,0.0
55,Conference USA,FBS,Central Florida,409.0,17,50,40,31.5,19,54.5,0,0,0,0,0,0,49,25,0,0,0,0,19,54.5,0,0.0,0,0,0,0.0
56,Big 12,FBS,Kansas,396.0,0,0,0,0,0,0,0,0,0,0,0,0,0,0,0,0,0,0,4,77.5,23,49.5,0,0,0,0.0
57,Pac-12,FBS,Colorado,391.5,0,0,18,56,0,0,0,0,0,0,0,0,0,0,0,0,0,0,14,58.5,0,0.0,0,0,0,0.0
58,Conference USA,FBS,Tulsa,377.5,0,0,37,36,30,44,0,0,0,0,0,0,33,25,17,50,9,64,0,0.0,66,5.0,0,0,0,0.0
59,ACC,FBS,Miami (Fla.),374.5,49,25,0,0,0,0,0,0,0,0,0,0,0,0,5,73,0,0,38,35.5,0,0.0,0,0,0,0.0
60,ACC,FBS,Boston College,363.0,0,0,0,0,0,0,0,0,0,0,0,0,0,0,0,0,0,0,63,5.0,0,0.0,0,0,0,0.0
61,Big East,FBS,Connecticut,345.0,0,0,0,0,0,0,0,0,0,0,0,0,0,0,0,0,0,0,0,0.0,0,0.0,0,0,0,0.0
62,Big 12,FBS,Kansas State,340.5,0,0,0,0,0,0,0,0,0,0,0,0,0,0,0,0,0,0,0,0.0,23,49.5,0,0,0,0.0
63,Big East,FCS,Georgetown,338.75,0,0,0,0,0,0,0,0,0,0,0,0,0,0,0,0,0,0,33,41.0,0,0.0,0,0,0,0.0
64,WCC,DI,Pepperdine (Calif.),334.0,17,50,21,53,0,0,0,0,0,0,0,0,0,0,17,50,3,83,0,0.0,0,0.0,0,0,0,0.0
65,Mountain West,FBS,San Diego State,332.0,0,0,58,14,5,72.75,0,0,0,0,0,0,17,50,0,0,0,0,9,68.25,0,0.0,0,0,0,0.0
66,Pac-12,FBS,Oregon State,300.91,17,50,64,6.66,38,33.5,0,0,0,0,0,0,17,50,0,0,0,0,0,0.0,0,0.0,0,0,0,0.0
67,Ivy League,FCS,Cornell (N.Y.),280.0,49,25,0,0,0,0,0,0,0,0,13,22,0,0,0,0,0,0,0,0.0,0,0.0,0,0,0,0.0
68,America East,FCS,Stony Brook,276.0,7,73,0,0,0,0,0,0,9,25,0,0,0,0,33,25,0,0,47,26.0,0,0.0,0,0,0,0.0
69,Big West,DI,UC Irvine,274.0,0,0,0,0,0,0,0,0,0,0,0,0,0,0,0,0,0,0,0,0.0,29,44.0,1,100,4,55.0
70,Mountain West,FBS,Boise State,273.75,0,0,0,0,0,0,0,0,0,0,0,0,0,0,0,0,33,25,0,0.0,29,44.0,0,0,0,0.0
71,Big 12,FBS,Texas Tech,269.0,0,0,25,47.5,0,0,0,0,0,0,0,0,33,25,33,25,17,50,55,17.0,18,55.5,0,0,0,0.0
72,ACC,FBS,Georgia Tech,268.0,17,50,0,0,31,40,0,0,0,0,0,0,33,25,9,64,0,0,0,0.0,0,0.0,0,0,0,0.0
73,MAC,FBS,Kent State,263.25,5,78,47,26.5,5,72.75,0,0,0,0,0,0,0,0,0,0,0,0,0,0.0,0,0.0,0,0,0,0.0
74,Pac-12,FBS,Utah,260.0,0,0,0,0,0,0,0,0,0,0,0,0,0,0,17,50,0,0,0,0.0,0,0.0,0,0,0,0.0
75,Big East,DI,St. John's (N.Y.),258.0,9,64,0,0,0,0,0,0,0,0,0,0,0,0,0,0,0,0,0,0.0,0,0.0,0,0,0,0.0
76,Big East,FBS,South Florida,253.0,0,0,55,18,0,0,0,0,0,0,0,0,7,73,0,0,0,0,0,0.0,33,39.0,0,0,0,0.0
77,SEC,FBS,Mississippi,252.0,17,50,37,36,0,0,0,0,0,0,0,0,0,0,17,50,9,64,0,0.0,38,36.0,0,0,0,0.0
78,Patriot League,FCS,Lehigh (Pa.),240.5,0,0,0,0,0,0,0,0,9,25,0,0,49,25,0,0,0,0,0,0.0,0,0.0,0,0,0,0.0
79,CAA,FCS,Old Dominion (Va.),238.0,0,0,0,0,0,0,0,0,0,0,0,0,0,0,0,0,0,0,0,0.0,0,0.0,0,0,0,0.0
80,SEC,FBS,Mississippi State,237.5,33,25,0,0,0,0,0,0,0,0,0,0,49,25,0,0,17,50,60,12.0,43,28.5,0,0,0,0.0
81,WCC,FCS,San Diego,235.0,49,25,0,0,49,21,0,0,0,0,0,0,0,0,33,25,17,50,0,0.0,0,0.0,0,0,0,0.0
82,Missouri Valley,FCS,Illinois State,233.0,0,0,0,0,0,0,0,0,0,0,0,0,17,50,0,0,0,0,14,58.5,29,44.0,0,0,0,0.0
83,America East,DI,Boston University,230.0,0,0,0,0,0,0,0,0,0,0,0,0,33,25,0,0,0,0,0,0.0,56,15.0,0,0,0,0.0
84,Ivy League,FCS,Yale,229.0,0,0,0,0,0,0,0,0,9,25,10,34,0,0,17,50,0,0,0,0.0,0,0.0,0,0,0,0.0
85,Sun Belt,DI,Denver,227.5,0,0,55,18,0,0,0,0,5,60,0,0,0,0,0,0,0,0,0,0.0,0,0.0,0,0,0,0.0
86,Ivy League,FCS,Dartmouth (N.H.),227.0,0,0,0,0,0,0,9,25,0,0,0,0,0,0,0,0,0,0,14,58.5,0,0.0,0,0,0,0.0
87,Big West,DI,Long Beach State,226.0,0,0,0,0,44,28,0,0,0,0,0,0,33,25,17,50,0,0,0,0.0,0,0.0,0,0,0,0.0
88,Big East,FBS,Cincinnati,222.5,0,0,0,0,0,0,0,0,0,0,0,0,0,0,0,0,0,0,55,17.0,0,0.0,0,0,0,0.0
89,Summit League,FCS,North Dakota State,221.0,0,0,0,0,0,0,0,0,0,0,0,0,33,25,0,0,0,0,0,0.0,0,0.0,0,0,0,0.0
90,Mountain West,FBS,Air Force,209.0,0,0,0,0,0,0,0,0,0,0,0,0,0,0,0,0,0,0,0,0.0,54,19.5,0,0,0,0.0
91,Missouri Valley,DI,Creighton (Nebr.),208.0,17,50,0,0,0,0,0,0,0,0,0,0,0,0,0,0,0,0,0,0.0,0,0.0,0,0,0,0.0
92,ACC,FBS,Wake Forest,198.5,0,0,40,31.5,61,9,0,0,0,0,0,0,0,0,0,0,0,0,0,0.0,0,0.0,0,0,0,0.0
93,Ivy League,FCS,Pennsylvania,196.5,0,0,0,0,73,5,9,25,0,0,0,0,0,0,0,0,0,0,0,0.0,63,11.0,0,0,0,0.0
94,Ivy League,FCS,Columbia/Barnard (N.Y.),193.0,0,0,0,0,0,0,0,0,0,0,0,0,0,0,0,0,33,25,63,5.0,0,0.0,0,0,0,0.0
95,Big South,FCS,Liberty (Va.),192.0,0,0,0,0,10,67.5,0,0,0,0,0,0,0,0,0,0,0,0,0,0.0,54,19.5,0,0,0,0.0
96,MAAC,DI,Loyola University (Md.),190.0,0,0,0,0,73,5,5,60,1,100,0,0,0,0,0,0,0,0,0,0.0,0,0.0,0,0,0,0.0
96,Big East,FCS,Villanova (Pa.),190.0,0,0,0,0,0,0,0,0,0,0,0,0,0,0,0,0,0,0,0,0.0,66,5.0,0,0,0,0.0
98,Big West,DI,UC Santa Barbara,189.0,0,0,0,0,0,0,0,0,0,0,0,0,0,0,0,0,0,0,34,38.5,43,28.5,0,0,0,0.0
99,Patriot League,FBS,Army,187.5,49,25,0,0,0,0,0,0,0,0,0,0,0,0,33,25,0,0,0,0.0,0,0.0,0,0,0,0.0
100,Conference USA,FBS,Southern Methodist (Tex.),187.0,0,0,0,0,38,33.5,0,0,0,0,0,0,0,0,0,0,0,0,0,0.0,0,0.0,0,0,0,0.0
101,Missouri Valley,DI,Wichita State (Kans.),185.5,0,0,0,0,49,21,0,0,0,0,0,0,0,0,33,25,0,0,28,46.0,0,0.0,0,0,0,0.0
102,America East,FCS,New Hampshire,177.0,0,0,0,0,0,0,0,0,0,0,0,0,0,0,0,0,0,0,0,0.0,0,0.0,0,0,0,0.0
103,MAC,FBS,Ohio,175.0,0,0,0,0,0,0,0,0,0,0,0,0,0,0,0,0,0,0,0,0.0,0,0.0,0,0,0,0.0
104,Atlantic 10,FBS,Temple,173.5,0,0,0,0,0,0,0,0,0,0,0,0,0,0,0,0,0,0,0,0.0,49,23.0,0,0,0,0.0
105,Mountain West,FBS,UNLV,173.0,0,0,32,41.5,44,28,0,0,0,0,0,0,0,0,0,0,0,0,40,31.0,0,0.0,0,0,0,0.0
106,Missouri Valley,FCS,Northern Iowa,171.0,0,0,0,0,0,0,0,0,0,0,0,0,0,0,0,0,0,0,0,0.0,0,0.0,0,0,0,0.0
106,Pac-12,FBS,Washington State,171.0,0,0,0,0,0,0,0,0,0,0,0,0,0,0,17,50,0,0,0,0.0,49,23.0,0,0,0,0.0
108,Ivy League,FCS,Brown (R.I.),168.0,0,0,0,0,0,0,0,0,0,0,14,18,0,0,0,0,0,0,0,0.0,0,0.0,0,0,0,0.0
109,Missouri Valley,FCS,Southern Illinois,164.75,0,0,0,0,0,0,0,0,0,0,0,0,0,0,0,0,0,0,14,58.5,0,0.0,0,0,0,0.0
110,Big East,DI,Marquette,164.0,0,0,0,0,0,0,0,0,0,0,0,0,0,0,0,0,0,0,0,0.0,0,0.0,0,0,0,0.0
111,Big East,FBS,Rutgers (N.J.),162.0,0,0,0,0,0,0,0,0,0,0,0,0,0,0,0,0,0,0,0,0.0,0,0.0,0,0,0,0.0
112,Big Sky,FCS,Montana State,161.0,0,0,0,0,0,0,0,0,0,0,0,0,0,0,0,0,0,0,50,22.0,0,0.0,0,0,0,0.0
113,Summit League,DI,Oral Roberts (Okla.),159.0,33,25,67,5,0,0,0,0,0,0,0,0,0,0,33,25,0,0,0,0.0,20,54.0,0,0,0,0.0
114,WCC,DI,St. Mary's (Calif.),156.5,0,0,0,0,38,33.5,0,0,0,0,0,0,0,0,33,25,0,0,0,0.0,0,0.0,0,0,0,0.0
115,SoCon,FCS,Appalachian State,155.5,17,50,0,0,0,0,0,0,0,0,0,0,0,0,0,0,0,0,0,0.0,0,0.0,0,0,0,0.0
116,CAA,FCS,Delaware,150.0,0,0,0,0,0,0,0,0,0,0,0,0,0,0,0,0,0,0,0,0.0,0,0.0,0,0,0,0.0
117,MAAC,DI,Iona (N.Y.),147.0,0,0,0,0,0,0,0,0,0,0,0,0,49,25,0,0,0,0,0,0.0,0,0.0,0,0,7,28.0
117,Sun Belt,FBS,Louisiana Lafayette,147.0,0,0,0,0,67,5,0,0,0,0,0,0,9,64,0,0,0,0,0,0.0,0,0.0,0,0,0,0.0
119,MEAC,DI,Maryland Eastern Shore,146.5,0,0,0,0,0,0,0,0,0,0,0,0,0,0,0,0,0,0,63,5.0,0,0.0,0,0,0,0.0
120,Conference USA,FBS,Memphis (Tenn.),146.0,0,0,0,0,28,46,0,0,0,0,0,0,0,0,0,0,33,25,0,0.0,0,0.0,0,0,0,0.0
121,Conference USA,FBS,Houston,145.5,0,0,0,0,49,21,0,0,0,0,0,0,33,25,0,0,0,0,55,17.0,0,0.0,0,0,0,0.0
122,Conference USA,FBS,UAB,145.0,49,25,0,0,29,45,0,0,0,0,0,0,49,25,0,0,0,0,0,0.0,0,0.0,0,0,0,0.0
123,SoCon,FCS,Samford (Ala.),144.0,17,50,0,0,0,0,0,0,0,0,0,0,0,0,0,0,0,0,0,0.0,0,0.0,0,0,0,0.0
124,Conference USA,FBS,Southern Mississippi,143.75,0,0,0,0,0,0,0,0,0,0,0,0,0,0,0,0,0,0,12,63.75,0,0.0,0,0,0,0.0
125,Northeast,FCS,Sacred Heart (Conn.),142.0,49,25,0,0,0,0,0,0,0,0,0,0,0,0,0,0,0,0,0,0.0,0,0.0,0,0,0,0.0
126,Northeast,DI,Fairleigh Dickinson (N.J.),140.0,0,0,0,0,0,0,0,0,0,0,0,0,0,0,33,25,33,25,0,0.0,0,0.0,0,0,0,0.0
126,Southland,FCS,Sam Houston State (Tex.),140.0,17,50,0,0,0,0,0,0,0,0,0,0,0,0,0,0,0,0,0,0.0,0,0.0,0,0,0,0.0
128,MAC,FBS,Toledo,137.5,0,0,0,0,0,0,0,0,0,0,0,0,0,0,0,0,0,0,0,0.0,0,0.0,0,0,0,0.0
129,Big Sky,FCS,Montana,133.0,0,0,0,0,0,0,0,0,0,0,0,0,0,0,0,0,0,0,0,0.0,0,0.0,0,0,0,0.0
130,Conference USA,FBS,East Carolina (N.C.),131.5,33,25,63,11,26,48,0,0,0,0,0,0,0,0,0,0,0,0,40,31.0,0,0.0,0,0,0,0.0
131,Big East,FBS,Pittsburgh,129.0,0,0,0,0,0,0,0,0,0,0,0,0,0,0,0,0,0,0,0,0.0,0,0.0,0,0,0,0.0
132,MAC,FBS,Northern Illinois,125.0,0,0,0,0,0,0,0,0,0,0,0,0,0,0,0,0,0,0,0,0.0,0,0.0,0,0,0,0.0
132,America East,DI,Vermont,125.0,0,0,0,0,0,0,0,0,0,0,0,0,0,0,0,0,0,0,0,0.0,0,0.0,0,0,0,0.0
132,CAA,DI,Virginia Commonwealth,125.0,0,0,0,0,0,0,0,0,0,0,0,0,0,0,33,25,17,50,0,0.0,0,0.0,0,0,0,0.0
135,Summit League,FCS,Southern Utah,121.5,0,0,0,0,0,0,0,0,0,0,0,0,0,0,0,0,0,0,0,0.0,11,63.0,0,0,0,0.0
136,CAA,FCS,James Madison (Va.),117.0,0,0,0,0,0,0,0,0,0,0,0,0,0,0,0,0,0,0,0,0.0,0,0.0,0,0,0,0.0
137,WCC,DI,Portland,116.0,0,0,0,0,0,0,0,0,0,0,0,0,0,0,0,0,0,0,0,0.0,0,0.0,0,0,0,0.0
138,CAA,FCS,Hofstra (N.Y.),115.0,0,0,0,0,0,0,0,0,0,0,0,0,9,64,0,0,0,0,0,0.0,0,0.0,0,0,0,0.0
138,Mountain West,FBS,Wyoming,115.0,0,0,0,0,0,0,0,0,0,0,0,0,0,0,0,0,0,0,0,0.0,0,0.0,0,0,0,0.0
140,MAC,FBS,Central Michigan,114.0,0,0,0,0,0,0,0,0,0,0,0,0,0,0,0,0,0,0,0,0.0,0,0.0,0,0,0,0.0
140,WCC,DI,Gonzaga (Wash.),114.0,0,0,0,0,0,0,0,0,0,0,0,0,0,0,0,0,0,0,0,0.0,0,0.0,0,0,0,0.0
140,WAC,FBS,Hawaii,114.0,0,0,0,0,0,0,0,0,0,0,0,0,49,25,33,25,0,0,0,0.0,0,0.0,0,0,0,0.0
143,Southland,DI,Texas Arlington,113.0,49,25,0,0,67,5,0,0,0,0,0,0,0,0,0,0,0,0,0,0.0,33,39.0,0,0,0,0.0
143,Conference USA,FBS,Texas El Paso,113.0,0,0,0,0,0,0,0,0,0,0,0,0,0,0,0,0,0,0,0,0.0,56,15.0,0,0,0,0.0
145,Southland,FCS,Texas State San Marcos,111.5,0,0,40,31.5,0,0,0,0,0,0,0,0,33,25,0,0,0,0,0,0.0,0,0.0,0,0,0,0.0
146,SoCon,FCS,Georgia Southern,108.0,0,0,0,0,0,0,0,0,0,0,0,0,49,25,0,0,0,0,0,0.0,0,0.0,0,0,0,0.0
147,America East,DI,Binghamton (N.Y.),107.5,0,0,0,0,0,0,0,0,0,0,0,0,0,0,0,0,33,25,0,0.0,66,5.0,0,0,0,0.0
148,WAC,FBS,Louisiana Tech,107.0,0,0,0,0,0,0,0,0,0,0,0,0,0,0,0,0,0,0,34,38.5,0,0.0,0,0,0,0.0
149,Big East,DI,Providence,106.0,0,0,0,0,0,0,0,0,0,0,0,0,0,0,0,0,0,0,47,26.0,0,0.0,0,0,0,0.0
150,Patriot League,FBS,Navy,105.0,0,0,0,0,73,5,9,25,0,0,0,0,0,0,0,0,33,25,0,0.0,0,0.0,0,0,0,0.0
151,Sun Belt,FBS,Middle Tennessee State,103.5,0,0,0,0,73,5,0,0,0,0,0,0,0,0,0,0,33,25,0,0.0,0,0.0,0,0,0,0.0
152,Ohio Valley,FCS,Eastern Kentucky,102.0,0,0,0,0,0,0,0,0,0,0,0,0,0,0,33,25,33,25,0,0.0,66,5.0,0,0,0,0.0
153,Missouri Valley,FCS,Indiana State,100.5,49,25,0,0,0,0,0,0,0,0,0,0,0,0,0,0,0,0,50,22.0,56,15.0,0,0,0,0.0
154,America East,FCS,Albany,100.0,0,0,0,0,0,0,9,25,0,0,0,0,0,0,0,0,0,0,0,0.0,0,0.0,0,0,0,0.0
154,Big South,FCS,Coastal Carolina (S.C.),100.0,33,25,0,0,0,0,0,0,0,0,0,0,33,25,0,0,0,0,0,0.0,0,0.0,0,0,0,0.0
154,Atlantic 10,FCS,Dayton,100.0,49,25,0,0,0,0,0,0,0,0,0,0,0,0,0,0,0,0,0,0.0,0,0.0,0,0,0,0.0
154,Atlantic Sun,DI,Florida Gulf Coast,100.0,0,0,0,0,0,0,0,0,0,0,0,0,33,25,0,0,0,0,0,0.0,0,0.0,0,0,0,0.0
154,MAC,FBS,Western Michigan,100.0,0,0,0,0,0,0,0,0,0,0,0,0,0,0,0,0,33,25,0,0.0,0,0.0,0,0,0,0.0
159,Atlantic 10,FCS,North Carolina Charlotte,99.0,0,0,0,0,61,9,0,0,0,0,0,0,0,0,0,0,0,0,0,0.0,0,0.0,0,0,0,0.0
160,Mountain West,FBS,Colorado State,96.0,0,0,0,0,49,21,0,0,0,0,0,0,0,0,0,0,0,0,0,0.0,0,0.0,0,0,0,0.0
160,MEAC,FCS,Norfolk State (Va.),96.0,0,0,0,0,0,0,0,0,0,0,0,0,0,0,0,0,0,0,0,0.0,0,0.0,0,0,0,0.0
160,SoCon,FCS,Tennessee Chattanooga,96.0,0,0,55,18,18,56,0,0,0,0,0,0,0,0,0,0,0,0,0,0.0,0,0.0,0,0,0,0.0
163,America East,FCS,Maine,95.0,0,0,0,0,0,0,0,0,0,0,0,0,0,0,0,0,0,0,0,0.0,0,0.0,0,0,0,0.0
164,Conference USA,FBS,Rice (Tex.),94.0,33,25,0,0,0,0,0,0,0,0,0,0,0,0,9,64,0,0,63,5.0,0,0.0,0,0,0,0.0
165,CAA,DI,George Mason (Va.),93.0,0,0,0,0,0,0,0,0,0,0,0,0,0,0,0,0,0,0,0,0.0,39,35.0,0,0,0,0.0
166,Big West,FCS,Cal Poly,92.0,0,0,0,0,0,0,0,0,0,0,0,0,0,0,0,0,33,25,0,0.0,0,0.0,0,0,0,0.0
166,MAC,FBS,Eastern Michigan,92.0,0,0,0,0,0,0,0,0,0,0,0,0,0,0,0,0,0,0,0,0.0,0,0.0,0,0,0,0.0
168,Horizon League,FCS,Valparaiso,90.0,49,25,0,0,0,0,0,0,0,0,0,0,49,25,0,0,0,0,0,0.0,0,0.0,0,0,0,0.0
169,MAC,FBS,Akron,89.0,0,0,0,0,0,0,0,0,0,0,0,0,0,0,33,25,0,0,0,0.0,0,0.0,0,0,0,0.0
169,Atlantic 10,DI,St. Bonaventure (N.Y.),89.0,0,0,0,0,0,0,0,0,0,0,0,0,0,0,0,0,0,0,0,0.0,0,0.0,0,0,0,0.0
169,Atlantic 10,DI,Xavier,89.0,0,0,0,0,0,0,0,0,0,0,0,0,0,0,0,0,0,0,0,0.0,0,0.0,0,0,0,0.0
172,Atlantic Sun,DI,North Florida,88.75,0,0,0,0,12,63.75,0,0,0,0,0,0,0,0,33,25,0,0,0,0.0,0,0.0,0,0,0,0.0
173,Patriot League,FCS,Colgate (N.Y.),85.0,0,0,0,0,0,0,0,0,5,60,0,0,0,0,0,0,0,0,0,0.0,0,0.0,0,0,0,0.0
173,Independent,FCS,North Dakota,85.0,0,0,0,0,0,0,0,0,0,0,0,0,0,0,0,0,0,0,0,0.0,0,0.0,0,0,0,0.0
173,Big Sky,FCS,Northern Arizona,85.0,0,0,0,0,0,0,0,0,0,0,0,0,0,0,0,0,0,0,0,0.0,0,0.0,0,0,0,0.0
176,Northeast,DI,Long Island - Brooklyn,80.0,0,0,70,5,0,0,0,0,0,0,0,0,49,25,0,0,0,0,0,0.0,0,0.0,0,0,0,0.0
177,Patriot League,DI,American,79.5,0,0,0,0,0,0,0,0,0,0,0,0,0,0,0,0,0,0,0,0.0,0,0.0,0,0,0,0.0
177,WAC,FBS,San Jose State (Calif.),79.5,0,0,49,24,61,9,0,0,0,0,0,0,0,0,0,0,0,0,0,0.0,0,0.0,0,0,0,0.0
179,Sun Belt,FBS,Western Kentucky,78.5,0,0,0,0,0,0,0,0,0,0,0,0,0,0,0,0,0,0,0,0.0,43,28.5,0,0,0,0.0
180,CAA,FCS,Towson (Md.),78.0,0,0,0,0,0,0,9,25,0,0,0,0,0,0,0,0,0,0,0,0.0,0,0.0,0,0,0,0.0
181,CAA,DI,North Carolina Wilmington,77.66,33,25,64,6.66,49,21,0,0,0,0,0,0,0,0,0,0,33,25,0,0.0,0,0.0,0,0,0,0.0
182,SoCon,DI,Charleston (S.C.),75.0,33,25,0,0,0,0,0,0,0,0,0,0,0,0,33,25,33,25,0,0.0,0,0.0,0,0,0,0.0
182,Big East,DI,DePaul,75.0,0,0,0,0,0,0,0,0,0,0,0,0,33,25,0,0,0,0,0,0.0,0,0.0,0,0,0,0.0
182,MAAC,DI,Fairfield (Conn.),75.0,0,0,0,0,0,0,0,0,0,0,0,0,0,0,33,25,33,25,0,0.0,0,0.0,0,0,0,0.0
182,WAC,FBS,Fresno State,75.0,33,25,0,0,0,0,0,0,0,0,0,0,0,0,0,0,33,25,0,0.0,0,0.0,0,0,0,0.0
182,WCC,DI,Loyola Marymount (Calif.),75.0,0,0,0,0,0,0,0,0,0,0,0,0,0,0,0,0,0,0,0,0.0,0,0.0,0,0,5,46.0
182,MAAC,FCS,Marist (N.Y.),75.0,0,0,0,0,0,0,0,0,0,0,0,0,0,0,0,0,0,0,0,0.0,0,0.0,0,0,0,0.0
182,Atlantic 10,FCS,Massachusetts,75.0,0,0,0,0,0,0,9,25,9,25,0,0,49,25,0,0,0,0,0,0.0,0,0.0,0,0,0,0.0
182,WCC,DI,Santa Clara (Calif.),75.0,0,0,0,0,0,0,0,0,0,0,0,0,0,0,0,0,17,50,0,0.0,0,0.0,0,0,0,0.0
182,Ohio Valley,FCS,Tennessee Martin,75.0,0,0,0,0,0,0,0,0,0,0,0,0,49,25,0,0,0,0,0,0.0,0,0.0,0,0,0,0.0
182,Big West,FCS,UC Davis,75.0,0,0,34,39,67,5,0,0,0,0,0,0,0,0,0,0,0,0,40,31.0,0,0.0,0,0,0,0.0
182,Horizon League,DI,Wisconsin Green Bay,75.0,0,0,0,0,0,0,0,0,0,0,0,0,0,0,0,0,33,25,0,0.0,0,0.0,0,0,0,0.0
182,Horizon League,DI,Wisconsin-Milwaukee,75.0,0,0,0,0,0,0,0,0,0,0,0,0,0,0,0,0,0,0,0,0.0,0,0.0,0,0,0,0.0
194,Atlantic 10,FCS,Richmond (Va.),74.5,0,0,0,0,0,0,0,0,0,0,0,0,0,0,33,25,0,0,0,0.0,0,0.0,0,0,0,0.0
195,SoCon,DI,North Carolina Greensboro,71.5,0,0,0,0,0,0,0,0,0,0,0,0,0,0,0,0,0,0,0,0.0,33,39.0,0,0,0,0.0
196,WAC,FBS,Nevada-Reno,71.0,0,0,0,0,0,0,0,0,0,0,0,0,0,0,0,0,0,0,0,0.0,0,0.0,0,0,0,0.0
197,Southland,DI,Texas San Antonio,67.5,0,0,58,14,0,0,0,0,0,0,0,0,0,0,0,0,33,25,0,0.0,43,28.5,0,0,0,0.0
198,Ohio Valley,FCS,Murray State (Ky.),67.0,0,0,0,0,0,0,0,0,0,0,0,0,0,0,0,0,0,0,55,17.0,0,0.0,0,0,0,0.0
199,Ohio Valley,FCS,Jacksonville State (Ala.),66.66,0,0,64,6.66,67,5,0,0,0,0,0,0,0,0,0,0,0,0,0,0.0,0,0.0,0,0,0,0.0
200,Sun Belt,FBS,Arkansas State,65.0,0,0,0,0,0,0,0,0,0,0,0,0,0,0,0,0,0,0,0,0.0,0,0.0,0,0,0,0.0
201,Horizon League,DI,Illinois Chicago,64.0,0,0,0,0,0,0,0,0,0,0,0,0,0,0,33,25,0,0,0,0.0,0,0.0,0,0,0,0.0
201,Missouri Valley,FCS,Missouri State,64.0,33,25,58,14,0,0,0,0,0,0,0,0,0,0,0,0,0,0,0,0.0,0,0.0,0,0,0,0.0
203,MAC,FBS,Miami (Ohio),62.0,0,0,0,0,0,0,0,0,0,0,0,0,33,25,0,0,0,0,60,12.0,0,0.0,0,0,0,0.0
204,Big Sky,FCS,Sacramento State (Calif.),59.0,0,0,0,0,61,9,0,0,0,0,0,0,0,0,33,25,33,25,0,0.0,0,0.0,0,0,0,0.0
205,Sun Belt,FBS,North Texas,58.5,0,0,0,0,38,33.5,0,0,0,0,0,0,0,0,33,25,0,0,0,0.0,0,0.0,0,0,0,0.0
206,Atlantic Sun,FCS,Campbell (N.C.),57.5,0,0,29,44,0,0,0,0,0,0,0,0,0,0,0,0,0,0,0,0.0,0,0.0,0,0,0,0.0
206,MEAC,FCS,Hampton (Va.),57.5,0,0,0,0,0,0,0,0,0,0,0,0,0,0,0,0,0,0,0,0.0,0,0.0,0,0,0,0.0
206,WCC,DI,San Francisco,57.5,0,0,0,0,38,33.5,0,0,0,0,0,0,0,0,0,0,0,0,0,0.0,0,0.0,0,0,0,0.0
209,Southland,FCS,Lamar (Tex.),54.0,0,0,0,0,25,49,0,0,0,0,0,0,0,0,0,0,0,0,0,0.0,0,0.0,0,0,0,0.0
210,Southland,FCS,Central Arkansas,53.0,0,0,0,0,0,0,0,0,0,0,0,0,0,0,0,0,0,0,0,0.0,0,0.0,0,0,0,0.0
210,SoCon,FCS,Wofford (S.C.),53.0,0,0,0,0,0,0,0,0,0,0,0,0,0,0,0,0,0,0,0,0.0,0,0.0,0,0,0,0.0
212,Summit League,DI,Indiana/Purdue Indianapolis,52.0,0,0,0,0,67,5,0,0,0,0,0,0,0,0,0,0,0,0,0,0.0,0,0.0,0,0,0,0.0
213,Ohio Valley,FCS,Austin Peay,50.0,17,50,0,0,0,0,0,0,0,0,0,0,0,0,0,0,0,0,0,0.0,0,0.0,0,0,0,0.0
213,Atlantic Sun,DI,Belmont (Tenn.),50.0,49,25,0,0,0,0,0,0,0,0,0,0,0,0,0,0,0,0,0,0.0,0,0.0,0,0,0,0.0
213,MEAC,FCS,Bethune-Cookman (Fla.),50.0,49,25,0,0,0,0,0,0,0,0,0,0,49,25,0,0,0,0,0,0.0,0,0.0,0,0,0,0.0
213,Missouri Valley,DI,Bradley (Ill.),50.0,0,0,0,0,0,0,0,0,0,0,0,0,0,0,0,0,0,0,0,0.0,0,0.0,0,0,0,0.0
213,Sun Belt,FBS,Florida International,50.0,0,0,0,0,0,0,0,0,0,0,0,0,0,0,0,0,0,0,0,0.0,0,0.0,0,0,0,0.0
213,Northeast,FCS,Monmouth (N.J.),50.0,0,0,0,0,0,0,0,0,0,0,0,0,0,0,0,0,0,0,0,0.0,0,0.0,0,0,0,0.0
213,WAC,FBS,New Mexico State,50.0,49,25,0,0,0,0,0,0,0,0,0,0,0,0,0,0,0,0,0,0.0,0,0.0,0,0,0,0.0
213,SWAC,FCS,Prairie View A&M (Tex.),50.0,49,25,0,0,0,0,0,0,0,0,0,0,0,0,0,0,0,0,0,0.0,0,0.0,0,0,0,0.0
213,Big South,DI,Radford (Va.),50.0,0,0,0,0,0,0,0,0,0,0,0,0,0,0,0,0,33,25,0,0.0,0,0.0,0,0,0,0.0
213,Sun Belt,FCS,South Alabama,50.0,0,0,0,0,0,0,0,0,0,0,0,0,17,50,0,0,0,0,0,0.0,0,0.0,0,0,0,0.0
213,MEAC,FCS,South Carolina State,50.0,0,0,0,0,0,0,0,0,0,0,0,0,0,0,33,25,33,25,0,0.0,0,0.0,0,0,0,0.0
213,Summit League,FCS,South Dakota State,50.0,0,0,0,0,0,0,0,0,0,0,0,0,0,0,0,0,0,0,0,0.0,0,0.0,0,0,0,0.0
213,Atlantic 10,DI,St. Louis,50.0,0,0,0,0,0,0,0,0,0,0,0,0,0,0,0,0,0,0,0,0.0,0,0.0,0,0,0,0.0
213,WAC,FBS,Utah State,50.0,0,0,0,0,0,0,0,0,0,0,0,0,0,0,0,0,0,0,0,0.0,0,0.0,0,0,0,0.0
227,Southland,FCS,McNeese State (La.),48.0,0,0,0,0,0,0,0,0,0,0,0,0,0,0,0,0,0,0,0,0.0,49,23.0,0,0,0,0.0
228,Conference USA,FBS,Marshall,45.0,0,0,0,0,0,0,0,0,0,0,0,0,0,0,0,0,0,0,0,0.0,0,0.0,0,0,0,0.0
229,Big Sky,FCS,Northern Colorado,43.5,0,0,67,5,0,0,0,0,0,0,0,0,0,0,0,0,0,0,0,0.0,0,0.0,0,0,0,0.0
230,SWAC,FCS,Jackson State (Miss.),41.5,0,0,70,5,0,0,0,0,0,0,0,0,0,0,0,0,0,0,0,0.0,0,0.0,0,0,0,0.0
231,Ohio Valley,FCS,Tennessee Tech,39.0,0,0,0,0,58,14,0,0,0,0,0,0,0,0,0,0,0,0,0,0.0,0,0.0,0,0,0,0.0
231,Conference USA,FBS,Tulane,39.0,0,0,34,39,0,0,0,0,0,0,0,0,0,0,0,0,0,0,0,0.0,0,0.0,0,0,0,0.0
233,Independent,FCS,South Dakota,38.5,0,0,0,0,0,0,0,0,0,0,0,0,0,0,0,0,0,0,34,38.5,0,0.0,0,0,0,0.0
234,Atlantic Sun,DI,Kennesaw State,35.0,0,0,58,14,49,21,0,0,0,0,0,0,0,0,0,0,0,0,0,0.0,0,0.0,0,0,0,0.0
235,Independent,DI,Cal State Bakersfield,30.0,0,0,0,0,0,0,0,0,0,0,0,0,0,0,0,0,0,0,0,0.0,0,0.0,0,0,0,0.0
235,Atlantic 10,DI,George Washington,30.0,0,0,0,0,73,5,0,0,0,0,0,0,0,0,0,0,33,25,0,0.0,0,0.0,0,0,0,0.0
235,Horizon League,DI,Loyola Chicago,30.0,0,0,0,0,80,5,0,0,0,0,0,0,0,0,0,0,0,0,0,0.0,0,0.0,0,0,0,0.0
235,SWAC,FCS,Mississippi Valley State,30.0,0,0,0,0,0,0,0,0,0,0,0,0,49,25,0,0,0,0,0,0.0,0,0.0,0,0,0,0.0
235,CAA,FCS,William and Mary (Va.),30.0,0,0,0,0,0,0,0,0,0,0,0,0,0,0,0,0,0,0,0,0.0,66,5.0,0,0,0,0.0
240,Big Sky,FCS,Eastern Washington,29.0,0,0,0,0,0,0,0,0,0,0,0,0,0,0,0,0,0,0,0,0.0,0,0.0,0,0,0,0.0
241,MAC,FBS,Buffalo,27.0,0,0,0,0,0,0,0,0,0,0,0,0,0,0,0,0,0,0,0,0.0,0,0.0,0,0,0,0.0
242,SWAC,FCS,Alcorn State (Miss.),25.0,0,0,0,0,0,0,0,0,0,0,0,0,0,0,0,0,33,25,0,0.0,0,0.0,0,0,0,0.0
242,Sun Belt,DI,Arkansas Little Rock,25.0,0,0,0,0,0,0,0,0,0,0,0,0,0,0,0,0,0,0,0,0.0,0,0.0,0,0,0,0.0
242,SWAC,FCS,Arkansas Pine Bluff,25.0,0,0,0,0,0,0,0,0,0,0,0,0,0,0,0,0,0,0,0,0.0,0,0.0,0,0,0,0.0
242,MAC,FBS,Ball State,25.0,0,0,0,0,0,0,0,0,0,0,0,0,0,0,0,0,0,0,0,0.0,0,0.0,0,0,0,0.0
242,Big West,DI,Cal State Fullerton,25.0,33,25,0,0,0,0,0,0,0,0,0,0,0,0,0,0,0,0,0,0.0,0,0.0,0,0,0,0.0
242,MAAC,DI,Canisius (N.Y.),25.0,0,0,0,0,0,0,0,0,9,25,0,0,0,0,0,0,0,0,0,0.0,0,0.0,0,0,0,0.0
242,SoCon,FCS,Citadel,25.0,0,0,0,0,0,0,0,0,0,0,0,0,0,0,0,0,0,0,0,0.0,0,0.0,0,0,0,0.0
242,SoCon,FCS,Davidson (N.C.),25.0,0,0,0,0,0,0,0,0,0,0,0,0,0,0,0,0,0,0,0,0.0,0,0.0,0,0,0,0.0
242,Horizon League,DI,Detroit Mercy,25.0,0,0,0,0,0,0,0,0,0,0,0,0,0,0,0,0,0,0,0,0.0,0,0.0,0,0,0,0.0
242,Missouri Valley,FCS,Drake (Iowa),25.0,0,0,0,0,0,0,0,0,0,0,0,0,0,0,0,0,33,25,0,0.0,0,0.0,0,0,0,0.0
242,Atlantic Sun,DI,East Tennessee State,25.0,0,0,0,0,0,0,0,0,0,0,0,0,0,0,0,0,33,25,0,0.0,0,0.0,0,0,0,0.0
242,SoCon,FCS,Elon (N.C.),25.0,0,0,0,0,0,0,0,0,0,0,0,0,0,0,0,0,0,0,0,0.0,0,0.0,0,0,0,0.0
242,SoCon,FCS,Furman (S.C.),25.0,0,0,0,0,0,0,0,0,0,0,0,0,0,0,0,0,0,0,0,0.0,0,0.0,0,0,0,0.0
242,CAA,DI,Georgia State,25.0,0,0,0,0,0,0,0,0,0,0,0,0,0,0,0,0,0,0,0,0.0,0,0.0,0,0,0,0.0
242,Big Sky,FCS,Idaho State,25.0,0,0,0,0,0,0,0,0,0,0,0,0,0,0,0,0,0,0,0,0.0,0,0.0,0,0,0,0.0
242,Atlantic 10,DI,La Salle (Pa.),25.0,0,0,0,0,0,0,0,0,0,0,0,0,0,0,0,0,0,0,0,0.0,0,0.0,0,0,0,0.0
242,Atlantic Sun,DI,Lipscomb (Tenn.),25.0,0,0,0,0,0,0,0,0,0,0,0,0,0,0,0,0,0,0,0,0.0,0,0.0,0,0,0,0.0
242,Sun Belt,FBS,Louisiana Monroe,25.0,33,25,0,0,0,0,0,0,0,0,0,0,0,0,0,0,0,0,0,0.0,0,0.0,0,0,0,0.0
242,MAAC,DI,Manhattan,25.0,49,25,0,0,0,0,0,0,0,0,0,0,0,0,0,0,0,0,0,0.0,0,0.0,0,0,0,0.0
242,Summit League,DI,Missouri Kansas City,25.0,0,0,0,0,0,0,0,0,0,0,0,0,0,0,0,0,33,25,0,0.0,0,0.0,0,0,0,0.0
242,Ohio Valley,FCS,Morehead State (Ky.),25.0,0,0,0,0,0,0,0,0,0,0,0,0,0,0,0,0,0,0,0,0.0,0,0.0,0,0,0,0.0
242,MAAC,DI,Niagara,25.0,0,0,0,0,0,0,0,0,0,0,0,0,0,0,0,0,0,0,0,0.0,0,0.0,0,0,0,0.0
242,Big South,DI,North Carolina Asheville,25.0,0,0,0,0,0,0,0,0,0,0,0,0,0,0,0,0,0,0,0,0.0,0,0.0,0,0,0,0.0
242,CAA,FCS,Northeastern (Mass.),25.0,0,0,0,0,0,0,0,0,0,0,0,0,0,0,0,0,0,0,0,0.0,0,0.0,0,0,0,0.0
242,Summit League,DI,Oakland (Mich.),25.0,0,0,0,0,0,0,0,0,0,0,0,0,0,0,0,0,0,0,0,0.0,0,0.0,0,0,0,0.0
242,Big Sky,FCS,Portland State (Ore.),25.0,0,0,0,0,0,0,0,0,0,0,0,0,33,25,0,0,0,0,0,0.0,0,0.0,0,0,0,0.0
242,SWAC,FCS,Southern (La.),25.0,0,0,0,0,0,0,0,0,0,0,0,0,0,0,33,25,0,0,0,0.0,0,0.0,0,0,0,0.0
242,Southland,FCS,Stephen F. Austin,25.0,0,0,0,0,0,0,0,0,0,0,0,0,0,0,33,25,0,0,0,0.0,0,0.0,0,0,0,0.0
242,Summit League,FCS,Western Illinois,25.0,0,0,0,0,0,0,0,0,0,0,0,0,0,0,0,0,0,0,0,0.0,0,0.0,0,0,0,0.0
242,Big South,DI,Winthrop (S.C.),25.0,0,0,0,0,0,0,0,0,0,0,0,0,0,0,33,25,0,0,0,0.0,0,0.0,0,0,0,0.0
272,Patriot League,FCS,Bucknell (Pa.),22.0,0,0,0,0,0,0,0,0,0,0,0,0,0,0,0,0,0,0,0,0.0,0,0.0,0,0,0,0.0
273,Independent,DI,Utah Valley,17.0,0,0,0,0,0,0,0,0,0,0,0,0,0,0,0,0,0,0,0,0.0,0,0.0,0,0,0,0.0
274,Big South,FCS,Charleston Southern (S.C.),16.0,0,0,0,0,0,0,0,0,0,0,0,0,0,0,0,0,0,0,0,0.0,0,0.0,0,0,0,0.0
274,Big Sky,FCS,Weber State (Utah),16.0,0,0,0,0,0,0,0,0,0,0,0,0,0,0,0,0,0,0,0,0.0,0,0.0,0,0,0,0.0
276,MAAC,DI,Rider (N.J.),13.5,0,0,0,0,0,0,0,0,0,0,0,0,0,0,0,0,0,0,0,0.0,0,0.0,0,0,0,0.0
277,SWAC,FCS,Alabama State,5.0,0,0,0,0,80,5,0,0,0,0,0,0,0,0,0,0,0,0,0,0.0,0,0.0,0,0,0,0.0
277,Horizon League,FCS,Butler (Ind.),5.0,0,0,67,5,0,0,0,0,0,0,0,0,0,0,0,0,0,0,0,0.0,0,0.0,0,0,0,0.0
277,CAA,DI,Drexel (Pa.),5.0,0,0,0,0,0,0,0,0,0,0,0,0,0,0,0,0,0,0,0,0.0,0,0.0,0,0,0,0.0
277,Northeast,DI,Mount St. Mary's (Md.),5.0,0,0,0,0,73,5,0,0,0,0,0,0,0,0,0,0,0,0,0,0.0,0,0.0,0,0,0,0.0
277,MAAC,DI,Siena (N.Y.),5.0,0,0,70,5,0,0,0,0,0,0,0,0,0,0,0,0,0,0,0,0.0,0,0.0,0,0,0,0.0
277,Southland,FCS,Southeastern Louisiana,5.0,0,0,0,0,73,5,0,0,0,0,0,0,0,0,0,0,0,0,0,0.0,0,0.0,0,0,0,0.0
